round,pre_train:ts,pre_train:eval:loss,pre_train:eval:acc,pre_train:eval:f1 micro,pre_train:eval:precision micro,pre_train:eval:recall micro,pre_train:eval:f1 macro,pre_train:eval:precision macro,pre_train:eval:recall macro,pre_train:eval:f1 weighted,pre_train:eval:precision weighted,pre_train:eval:recall weighted,pre_train:te,post_train:ts,post_train:eval:loss,post_train:eval:acc,post_train:eval:f1 micro,post_train:eval:precision micro,post_train:eval:recall micro,post_train:eval:f1 macro,post_train:eval:precision macro,post_train:eval:recall macro,post_train:eval:f1 weighted,post_train:eval:precision weighted,post_train:eval:recall weighted,post_train:te
0,294.90959833742664,,,,,,,,,,,,0.0,294.90959833742664,,,,,,,,,,,,0.0
1,294.7836454166058,0.002842012072701865,0.0010677076202142888,0.0010677078252031634,0.0017888543819998086,0.0011224972160321655,0.0011401754250991876,0.0017146428199482882,0.0005477225575052275,0.0010000000000000453,0.0011401754250991293,0.0011224972160321655,0.1810828102754761,294.7836454166058,0.002842012072701865,0.0010677076202142888,0.0010677078252031634,0.0017888543819998086,0.0011224972160321655,0.0011401754250991876,0.0017146428199482882,0.0005477225575052275,0.0010000000000000453,0.0011401754250991293,0.0011224972160321655,0.1810828102754761
