round,pre_train:ts,pre_train:eval:loss,pre_train:eval:acc,pre_train:eval:f1 micro,pre_train:eval:precision micro,pre_train:eval:recall micro,pre_train:eval:f1 macro,pre_train:eval:precision macro,pre_train:eval:recall macro,pre_train:eval:f1 weighted,pre_train:eval:precision weighted,pre_train:eval:recall weighted,pre_train:te,post_train:ts,post_train:eval:loss,post_train:eval:acc,post_train:eval:f1 micro,post_train:eval:precision micro,post_train:eval:recall micro,post_train:eval:f1 macro,post_train:eval:precision macro,post_train:eval:recall macro,post_train:eval:f1 weighted,post_train:eval:precision weighted,post_train:eval:recall weighted,post_train:te
0,1681143973.615654,,,,,,,,,,,,0.0,1681143973.615654,,,,,,,,,,,,0.0
1,1681144046.2908406,0.42873901769757267,0.8795999995279311,0.8809000000000001,0.8959999999999999,0.8652999999999998,0.8764999999999998,0.8996000000000001,0.8640000000000001,0.8789999999999999,0.9005000000000003,0.8652999999999998,72.6751866555214,1681144046.2908406,0.42873901769757267,0.8795999995279311,0.8809000000000001,0.8959999999999999,0.8652999999999998,0.8764999999999998,0.8996000000000001,0.8640000000000001,0.8789999999999999,0.9005000000000003,0.8652999999999998,72.6751866555214
