round,pre_train:ts,pre_train:eval:loss,pre_train:eval:acc,pre_train:eval:f1 micro,pre_train:eval:precision micro,pre_train:eval:recall micro,pre_train:eval:f1 macro,pre_train:eval:precision macro,pre_train:eval:recall macro,pre_train:eval:f1 weighted,pre_train:eval:precision weighted,pre_train:eval:recall weighted,pre_train:te,post_train:ts,post_train:eval:loss,post_train:eval:acc,post_train:eval:f1 micro,post_train:eval:precision micro,post_train:eval:recall micro,post_train:eval:f1 macro,post_train:eval:precision macro,post_train:eval:recall macro,post_train:eval:f1 weighted,post_train:eval:precision weighted,post_train:eval:recall weighted,post_train:te
0,203.91894190748988,,,,,,,,,,,,0.0,203.91894190748988,,,,,,,,,,,,0.0
1,203.8861625861634,0.005383183469664431,0.0043004196810294115,0.003411744421846414,0.0047180504448341275,0.00272763633939718,0.0046043457732885635,0.0031304951684995985,0.003611094017053545,0.003969886648255877,0.0031685959035508936,0.00272763633939718,0.07817517422956571,203.8861625861634,0.005383183469664431,0.0043004196810294115,0.003411744421846414,0.0047180504448341275,0.00272763633939718,0.0046043457732885635,0.0031304951684995985,0.003611094017053545,0.003969886648255877,0.0031685959035508936,0.00272763633939718,0.07817517422956571
2,203.90369282060004,0.004393063716390929,0.00208288261956039,0.0024083189157584613,0.001805547008526832,0.002615339366124449,0.0017146428199482403,0.0011135528725660312,0.003136877428271689,0.001933907960581339,0.0009797958971132948,0.002615339366124449,0.05176548804855067,203.90369282060004,0.004393063716390929,0.00208288261956039,0.0024083189157584613,0.001805547008526832,0.002615339366124449,0.0017146428199482403,0.0011135528725660312,0.003136877428271689,0.001933907960581339,0.0009797958971132948,0.002615339366124449,0.05176548804855067
