round,pre_train:ts,pre_train:eval:loss,pre_train:eval:acc,pre_train:eval:f1 micro,pre_train:eval:precision micro,pre_train:eval:recall micro,pre_train:eval:f1 macro,pre_train:eval:precision macro,pre_train:eval:recall macro,pre_train:eval:f1 weighted,pre_train:eval:precision weighted,pre_train:eval:recall weighted,pre_train:te,post_train:ts,post_train:eval:loss,post_train:eval:acc,post_train:eval:f1 micro,post_train:eval:precision micro,post_train:eval:recall micro,post_train:eval:f1 macro,post_train:eval:precision macro,post_train:eval:recall macro,post_train:eval:f1 weighted,post_train:eval:precision weighted,post_train:eval:recall weighted,post_train:te
0,1681066159.8849401,,,,,,,,,,,,0.0,1681066159.8849401,,,,,,,,,,,,0.0
1,1681066187.2879925,0.45324749802589415,0.8647200003528595,0.8624,0.9167,0.8151000000000002,0.8559999999999999,0.921,0.8111,0.8587,0.9216000000000001,0.8151000000000002,27.403052389621735,1681066187.2879925,0.45324749802589415,0.8647200003528595,0.8624,0.9167,0.8151000000000002,0.8559999999999999,0.921,0.8111,0.8587,0.9216000000000001,0.8151000000000002,27.403052389621735
2,1681066213.4220812,0.3705642853987217,0.8941599995136261,0.8965000000000002,0.9108,0.8831000000000001,0.8936000000000002,0.9121000000000002,0.8809000000000001,0.8951,0.9128000000000002,0.8831000000000001,53.537141435146324,1681066213.4220812,0.3705642853987217,0.8941599995136261,0.8965000000000002,0.9108,0.8831000000000001,0.8936000000000002,0.9121000000000002,0.8809000000000001,0.8951,0.9128000000000002,0.8831000000000001,53.537141435146324
