round,pre_train:ts,pre_train:eval:loss,pre_train:eval:acc,pre_train:eval:f1 micro,pre_train:eval:precision micro,pre_train:eval:recall micro,pre_train:eval:f1 macro,pre_train:eval:precision macro,pre_train:eval:recall macro,pre_train:eval:f1 weighted,pre_train:eval:precision weighted,pre_train:eval:recall weighted,pre_train:te,post_train:ts,post_train:eval:loss,post_train:eval:acc,post_train:eval:f1 micro,post_train:eval:precision micro,post_train:eval:recall micro,post_train:eval:f1 macro,post_train:eval:precision macro,post_train:eval:recall macro,post_train:eval:f1 weighted,post_train:eval:precision weighted,post_train:eval:recall weighted,post_train:te
0,1681065421.1515675,,,,,,,,,,,,0.0,1681065421.1515675,,,,,,,,,,,,0.0
1,1681065443.4882462,0.5407349884152413,0.8509200005626679,0.8342,0.9309,0.7558,0.8202,0.9351999999999998,0.7505,0.8245000000000001,0.9359999999999997,0.7558,22.336678717136387,1681065443.4882462,0.5407349884152413,0.8509200005626679,0.8342,0.9309,0.7558,0.8202,0.9351999999999998,0.7505,0.8245000000000001,0.9359999999999997,0.7558,22.336678717136387
2,1681065464.596123,0.37457970099687576,0.8887599995422362,0.8898000000000001,0.9113000000000001,0.8696999999999999,0.8867,0.913,0.8672000000000001,0.8884000000000002,0.9151,0.8696999999999999,43.44455553770065,1681065464.596123,0.37457970099687576,0.8887599995422362,0.8898000000000001,0.9113000000000001,0.8696999999999999,0.8867,0.913,0.8672000000000001,0.8884000000000002,0.9151,0.8696999999999999,43.44455553770065
3,1681065485.686383,0.3402683810377121,0.9046600002431872,0.9065000000000001,0.9183,0.8952000000000002,0.9045000000000002,0.9189000000000002,0.8930000000000001,0.9052000000000001,0.9203000000000001,0.8952000000000002,64.5348154425621,1681065485.686383,0.3402683810377121,0.9046600002431872,0.9065000000000001,0.9183,0.8952000000000002,0.9045000000000002,0.9189000000000002,0.8930000000000001,0.9052000000000001,0.9203000000000001,0.8952000000000002,64.5348154425621
