round,pre_train:ts,pre_train:eval:loss,pre_train:eval:acc,pre_train:eval:f1 micro,pre_train:eval:precision micro,pre_train:eval:recall micro,pre_train:eval:f1 macro,pre_train:eval:precision macro,pre_train:eval:recall macro,pre_train:eval:f1 weighted,pre_train:eval:precision weighted,pre_train:eval:recall weighted,pre_train:te,post_train:ts,post_train:eval:loss,post_train:eval:acc,post_train:eval:f1 micro,post_train:eval:precision micro,post_train:eval:recall micro,post_train:eval:f1 macro,post_train:eval:precision macro,post_train:eval:recall macro,post_train:eval:f1 weighted,post_train:eval:precision weighted,post_train:eval:recall weighted,post_train:te
0,212.51181297194984,,,,,,,,,,,,0.0,212.51181297194984,,,,,,,,,,,,0.0
1,212.5161937104845,0.005208145829678337,0.005169680394544383,0.0030594117081556866,0.006126989472816074,0.0029427877939124125,0.005143928459844591,0.004296510211788056,0.00391152144312157,0.0048476798574162185,0.004347413023856683,0.0029427877939124125,0.053683962105362144,212.5161937104845,0.005208145829678337,0.005169680394544383,0.0030594117081556866,0.006126989472816074,0.0029427877939124125,0.005143928459844591,0.004296510211788056,0.00391152144312157,0.0048476798574162185,0.004347413023856683,0.0029427877939124125,0.053683962105362144
2,212.53316520869106,0.0042496052975877765,0.0011516945937857,0.001326649916142116,0.0026381811916545744,0.002293468988236017,0.0018601075237738686,0.002190890230020666,0.0017776388834630382,0.0016852299546352837,0.0015620499351812896,0.002293468988236017,0.11250071844705711,212.53316520869106,0.0042496052975877765,0.0011516945937857,0.001326649916142116,0.0026381811916545744,0.002293468988236017,0.0018601075237738686,0.002190890230020666,0.0017776388834630382,0.0016852299546352837,0.0015620499351812896,0.002293468988236017,0.11250071844705711
3,212.54515661315438,0.001301748405528141,0.000549909099349836,0.0007071067811865168,0.0012083045973593958,0.0008717797887081431,0.0003162277660168031,0.0011135528725659575,0.00044721359549995833,0.0008124038404635476,0.0013638181696985754,0.0008717797887081431,0.13769630633783533,212.54515661315438,0.001301748405528141,0.000549909099349836,0.0007071067811865168,0.0012083045973593958,0.0008717797887081431,0.0003162277660168031,0.0011135528725659575,0.00044721359549995833,0.0008124038404635476,0.0013638181696985754,0.0008717797887081431,0.13769630633783533
