{
    "0": [
        0.028746257949858155,
        0.13860663735249082,
        0.08469213604599847,
        0.11032541961821828,
        0.10516583603618958,
        0.11322958069128157,
        0.13702663862754902,
        0.13500734745792828,
        0.03929092569324002,
        0.10790922052724582
    ],
    "1": [
        0.15526207176124338,
        0.058794534338783844,
        0.1194238983586498,
        0.13770312225373632,
        0.07087537096253418,
        0.14135158299331602,
        0.033612944234945,
        0.08139873568482682,
        0.07760545300146977,
        0.12397228641049497
    ],
    "2": [
        0.13476512638165616,
        0.015509294463118061,
        0.08678825722485396,
        0.11673909553067886,
        0.14899415428854906,
        0.07340476130941147,
        0.1504657857327667,
        0.020973934300640137,
        0.15330130146920914,
        0.09905828929911645
    ],
    "3": [
        0.08122654391213986,
        0.18708953383693253,
        0.10909570837028756,
        0.03523236260105229,
        0.07496463871515636,
        0.07201407500638088,
        0.07889463140565516,
        0.16261998254961318,
        0.12980231983822374,
        0.06906020376455829
    ]
}